constraint_schema,constraint_name,table_schema,table_name,constraint_type
public,2200_18235_5_not_null,public,ai_attribute_contexts,CHECK
public,2200_18235_1_not_null,public,ai_attribute_contexts,CHECK
public,2200_18235_3_not_null,public,ai_attribute_contexts,CHECK
public,2200_18235_4_not_null,public,ai_attribute_contexts,CHECK
public,ai_attribute_contexts_attribute_id_fkey,public,ai_attribute_contexts,FOREIGN KEY
public,ai_attribute_contexts_pkey,public,ai_attribute_contexts,PRIMARY KEY
public,2200_17986_2_not_null,public,ai_metadata_contexts,CHECK
public,2200_17986_1_not_null,public,ai_metadata_contexts,CHECK
public,ai_metadata_contexts_pkey,public,ai_metadata_contexts,PRIMARY KEY
public,ai_metadata_contexts_context_name_key,public,ai_metadata_contexts,UNIQUE
public,2200_18276_4_not_null,public,ai_prompt_contexts,CHECK
public,2200_18276_3_not_null,public,ai_prompt_contexts,CHECK
public,2200_18276_1_not_null,public,ai_prompt_contexts,CHECK
public,2200_18276_2_not_null,public,ai_prompt_contexts,CHECK
public,ai_prompt_contexts_pkey,public,ai_prompt_contexts,PRIMARY KEY
public,ai_prompt_contexts_context_name_key,public,ai_prompt_contexts,UNIQUE
public,2200_18292_6_not_null,public,ai_training_examples,CHECK
public,2200_18292_1_not_null,public,ai_training_examples,CHECK
public,2200_18292_3_not_null,public,ai_training_examples,CHECK
public,2200_18292_4_not_null,public,ai_training_examples,CHECK
public,ai_training_examples_attribute_id_fkey,public,ai_training_examples,FOREIGN KEY
public,ai_training_examples_pkey,public,ai_training_examples,PRIMARY KEY
public,2200_18519_1_not_null,public,attribute_cluster_memberships,CHECK
public,attribute_cluster_memberships_attribute_id_fkey,public,attribute_cluster_memberships,FOREIGN KEY
public,attribute_cluster_memberships_cluster_id_fkey,public,attribute_cluster_memberships,FOREIGN KEY
public,attribute_cluster_memberships_pkey,public,attribute_cluster_memberships,PRIMARY KEY
public,attribute_cluster_memberships_attribute_id_cluster_id_key,public,attribute_cluster_memberships,UNIQUE
public,2200_18308_4_not_null,public,attribute_documentation,CHECK
public,2200_18308_3_not_null,public,attribute_documentation,CHECK
public,2200_18308_1_not_null,public,attribute_documentation,CHECK
public,2200_18308_5_not_null,public,attribute_documentation,CHECK
public,attribute_documentation_attribute_id_fkey,public,attribute_documentation,FOREIGN KEY
public,attribute_documentation_pkey,public,attribute_documentation,PRIMARY KEY
public,2200_18173_1_not_null,public,attribute_domain_mappings,CHECK
public,attribute_domain_mappings_attribute_id_fkey,public,attribute_domain_mappings,FOREIGN KEY
public,attribute_domain_mappings_domain_id_fkey,public,attribute_domain_mappings,FOREIGN KEY
public,attribute_domain_mappings_pkey,public,attribute_domain_mappings,PRIMARY KEY
public,attribute_domain_mappings_attribute_id_domain_id_key,public,attribute_domain_mappings,UNIQUE
public,2200_18543_5_not_null,public,attribute_filter_configurations,CHECK
public,2200_18543_1_not_null,public,attribute_filter_configurations,CHECK
public,2200_18543_2_not_null,public,attribute_filter_configurations,CHECK
public,2200_18543_4_not_null,public,attribute_filter_configurations,CHECK
public,attribute_filter_configurations_pkey,public,attribute_filter_configurations,PRIMARY KEY
public,attribute_filter_configurations_filter_name_key,public,attribute_filter_configurations,UNIQUE
public,2200_18441_1_not_null,public,attribute_lineage,CHECK
public,2200_18441_4_not_null,public,attribute_lineage,CHECK
public,attribute_lineage_target_attribute_id_fkey,public,attribute_lineage,FOREIGN KEY
public,attribute_lineage_source_attribute_id_fkey,public,attribute_lineage,FOREIGN KEY
public,attribute_lineage_pkey,public,attribute_lineage,PRIMARY KEY
public,attribute_lineage_target_attribute_id_source_attribute_id_l_key,public,attribute_lineage,UNIQUE
public,attribute_objects_data_type_check,public,attribute_objects,CHECK
public,2200_17896_1_not_null,public,attribute_objects,CHECK
public,2200_17896_3_not_null,public,attribute_objects,CHECK
public,2200_17896_4_not_null,public,attribute_objects,CHECK
public,attribute_objects_visibility_scope_check,public,attribute_objects,CHECK
public,attribute_objects_attribute_class_check,public,attribute_objects,CHECK
public,attribute_objects_derivation_frequency_check,public,attribute_objects,CHECK
public,attribute_objects_derivation_complexity_check,public,attribute_objects,CHECK
public,attribute_objects_materialization_strategy_check,public,attribute_objects,CHECK
public,attribute_objects_resource_id_fkey,public,attribute_objects,FOREIGN KEY
public,attribute_objects_primary_persistence_entity_id_fkey,public,attribute_objects,FOREIGN KEY
public,attribute_objects_pkey,public,attribute_objects,PRIMARY KEY
public,attribute_objects_resource_id_attribute_name_key,public,attribute_objects,UNIQUE
public,2200_18108_1_not_null,public,attribute_persistence_mappings,CHECK
public,2200_18108_4_not_null,public,attribute_persistence_mappings,CHECK
public,attribute_persistence_mappings_attribute_id_fkey,public,attribute_persistence_mappings,FOREIGN KEY
public,attribute_persistence_mappings_persistence_entity_id_fkey,public,attribute_persistence_mappings,FOREIGN KEY
public,attribute_persistence_mappings_pkey,public,attribute_persistence_mappings,PRIMARY KEY
public,attribute_persistence_mapping_attribute_id_persistence_enti_key,public,attribute_persistence_mappings,UNIQUE
public,2200_17919_3_not_null,public,attribute_perspectives,CHECK
public,2200_17919_1_not_null,public,attribute_perspectives,CHECK
public,attribute_perspectives_attribute_id_fkey,public,attribute_perspectives,FOREIGN KEY
public,attribute_perspectives_pkey,public,attribute_perspectives,PRIMARY KEY
public,attribute_perspectives_attribute_id_perspective_name_key,public,attribute_perspectives,UNIQUE
public,2200_18034_1_not_null,public,attribute_relationships,CHECK
public,2200_18034_4_not_null,public,attribute_relationships,CHECK
public,attribute_relationships_source_attribute_id_fkey,public,attribute_relationships,FOREIGN KEY
public,attribute_relationships_target_attribute_id_fkey,public,attribute_relationships,FOREIGN KEY
public,attribute_relationships_pkey,public,attribute_relationships,PRIMARY KEY
public,attribute_relationships_source_attribute_id_target_attribut_key,public,attribute_relationships,UNIQUE
public,2200_18253_1_not_null,public,attribute_semantic_relationships,CHECK
public,2200_18253_4_not_null,public,attribute_semantic_relationships,CHECK
public,2200_18253_5_not_null,public,attribute_semantic_relationships,CHECK
public,attribute_semantic_relationships_target_attribute_id_fkey,public,attribute_semantic_relationships,FOREIGN KEY
public,attribute_semantic_relationships_source_attribute_id_fkey,public,attribute_semantic_relationships,FOREIGN KEY
public,attribute_semantic_relationships_pkey,public,attribute_semantic_relationships,PRIMARY KEY
public,attribute_sources_trust_level_check,public,attribute_sources,CHECK
public,2200_16725_3_not_null,public,attribute_sources,CHECK
public,2200_16725_1_not_null,public,attribute_sources,CHECK
public,2200_16725_2_not_null,public,attribute_sources,CHECK
public,attribute_sources_pkey,public,attribute_sources,PRIMARY KEY
public,attribute_sources_source_key_key,public,attribute_sources,UNIQUE
public,2200_18590_1_not_null,public,attribute_tag_assignments,CHECK
public,attribute_tag_assignments_tag_id_fkey,public,attribute_tag_assignments,FOREIGN KEY
public,attribute_tag_assignments_attribute_id_fkey,public,attribute_tag_assignments,FOREIGN KEY
public,attribute_tag_assignments_pkey,public,attribute_tag_assignments,PRIMARY KEY
public,attribute_tag_assignments_attribute_id_tag_id_key,public,attribute_tag_assignments,UNIQUE
public,2200_18571_2_not_null,public,attribute_tags,CHECK
public,2200_18571_1_not_null,public,attribute_tags,CHECK
public,attribute_tags_parent_tag_id_fkey,public,attribute_tags,FOREIGN KEY
public,attribute_tags_pkey,public,attribute_tags,PRIMARY KEY
public,attribute_tags_tag_name_key,public,attribute_tags,UNIQUE
public,2200_18339_1_not_null,public,attribute_terminology_links,CHECK
public,attribute_terminology_links_term_id_fkey,public,attribute_terminology_links,FOREIGN KEY
public,attribute_terminology_links_attribute_id_fkey,public,attribute_terminology_links,FOREIGN KEY
public,attribute_terminology_links_pkey,public,attribute_terminology_links,PRIMARY KEY
public,attribute_terminology_links_attribute_id_term_id_relationsh_key,public,attribute_terminology_links,UNIQUE
public,2200_18137_1_not_null,public,attribute_value_audit,CHECK
public,attribute_value_audit_persistence_entity_id_fkey,public,attribute_value_audit,FOREIGN KEY
public,attribute_value_audit_attribute_id_fkey,public,attribute_value_audit,FOREIGN KEY
public,attribute_value_audit_pkey,public,attribute_value_audit,PRIMARY KEY
public,2200_18502_1_not_null,public,attribute_vector_clusters,CHECK
public,2200_18502_2_not_null,public,attribute_vector_clusters,CHECK
public,attribute_vector_clusters_pkey,public,attribute_vector_clusters,PRIMARY KEY
public,attribute_vector_clusters_cluster_name_key,public,attribute_vector_clusters,UNIQUE
public,2200_16734_1_not_null,public,business_attributes,CHECK
public,2200_16734_2_not_null,public,business_attributes,CHECK
public,2200_16734_3_not_null,public,business_attributes,CHECK
public,2200_16734_5_not_null,public,business_attributes,CHECK
public,business_attributes_source_id_fkey,public,business_attributes,FOREIGN KEY
public,business_attributes_domain_id_fkey,public,business_attributes,FOREIGN KEY
public,business_attributes_pkey,public,business_attributes,PRIMARY KEY
public,business_attributes_entity_name_attribute_name_key,public,business_attributes,UNIQUE
public,2200_18724_4_not_null,public,cbu_entity_associations,CHECK
public,2200_18724_1_not_null,public,cbu_entity_associations,CHECK
public,cbu_entity_associations_cbu_id_fkey,public,cbu_entity_associations,FOREIGN KEY
public,cbu_entity_associations_entity_id_fkey,public,cbu_entity_associations,FOREIGN KEY
public,cbu_entity_associations_pkey,public,cbu_entity_associations,PRIMARY KEY
public,cbu_entity_associations_cbu_id_entity_id_association_type_key,public,cbu_entity_associations,UNIQUE
public,valid_dates,public,cbu_members,CHECK
public,2200_17290_5_not_null,public,cbu_members,CHECK
public,valid_member_lei,public,cbu_members,CHECK
public,valid_email,public,cbu_members,CHECK
public,2200_17290_4_not_null,public,cbu_members,CHECK
public,2200_17290_3_not_null,public,cbu_members,CHECK
public,2200_17290_2_not_null,public,cbu_members,CHECK
public,2200_17290_1_not_null,public,cbu_members,CHECK
public,cbu_members_role_id_fkey,public,cbu_members,FOREIGN KEY
public,cbu_members_cbu_id_fkey,public,cbu_members,FOREIGN KEY
public,cbu_members_pkey,public,cbu_members,PRIMARY KEY
public,cbu_members_cbu_id_entity_id_role_id_key,public,cbu_members,UNIQUE
public,cbu_product_subscriptions_subscription_status_check,public,cbu_product_subscriptions,CHECK
public,2200_17672_1_not_null,public,cbu_product_subscriptions,CHECK
public,cbu_product_subscriptions_product_id_fkey,public,cbu_product_subscriptions,FOREIGN KEY
public,cbu_product_subscriptions_primary_contact_role_id_fkey,public,cbu_product_subscriptions,FOREIGN KEY
public,cbu_product_subscriptions_cbu_id_fkey,public,cbu_product_subscriptions,FOREIGN KEY
public,cbu_product_subscriptions_pkey,public,cbu_product_subscriptions,PRIMARY KEY
public,cbu_product_subscriptions_cbu_id_product_id_key,public,cbu_product_subscriptions,UNIQUE
public,2200_17257_2_not_null,public,cbu_roles,CHECK
public,2200_17257_3_not_null,public,cbu_roles,CHECK
public,2200_17257_1_not_null,public,cbu_roles,CHECK
public,cbu_roles_pkey,public,cbu_roles,PRIMARY KEY
public,cbu_roles_role_code_key,public,cbu_roles,UNIQUE
public,cbu_service_resources_configuration_status_check,public,cbu_service_resources,CHECK
public,2200_17776_1_not_null,public,cbu_service_resources,CHECK
public,cbu_service_resources_health_status_check,public,cbu_service_resources,CHECK
public,cbu_service_resources_service_id_fkey,public,cbu_service_resources,FOREIGN KEY
public,cbu_service_resources_resource_id_fkey,public,cbu_service_resources,FOREIGN KEY
public,cbu_service_resources_onboarding_request_id_fkey,public,cbu_service_resources,FOREIGN KEY
public,cbu_service_resources_cbu_id_fkey,public,cbu_service_resources,FOREIGN KEY
public,cbu_service_resources_pkey,public,cbu_service_resources,PRIMARY KEY
public,cbu_service_resources_cbu_id_service_id_resource_id_key,public,cbu_service_resources,UNIQUE
public,2200_17272_3_not_null,public,client_business_units,CHECK
public,client_business_units_status_check,public,client_business_units,CHECK
public,valid_lei,public,client_business_units,CHECK
public,valid_country,public,client_business_units,CHECK
public,2200_17272_1_not_null,public,client_business_units,CHECK
public,2200_17272_2_not_null,public,client_business_units,CHECK
public,client_business_units_pkey,public,client_business_units,PRIMARY KEY
public,client_business_units_cbu_id_key,public,client_business_units,UNIQUE
public,2200_18955_1_not_null,public,commercial_contracts,CHECK
public,2200_18955_2_not_null,public,commercial_contracts,CHECK
public,commercial_contracts_product_id_fkey,public,commercial_contracts,FOREIGN KEY
public,commercial_contracts_pkey,public,commercial_contracts,PRIMARY KEY
public,commercial_contracts_contract_id_key,public,commercial_contracts,UNIQUE
public,2200_16745_2_not_null,public,data_domains,CHECK
public,2200_16745_1_not_null,public,data_domains,CHECK
public,2200_16745_3_not_null,public,data_domains,CHECK
public,data_domains_pkey,public,data_domains,PRIMARY KEY
public,data_domains_domain_name_key,public,data_domains,UNIQUE
public,2200_18424_4_not_null,public,derivation_execution_log,CHECK
public,2200_18424_1_not_null,public,derivation_execution_log,CHECK
public,2200_18424_7_not_null,public,derivation_execution_log,CHECK
public,derivation_execution_log_derived_attribute_id_fkey,public,derivation_execution_log,FOREIGN KEY
public,derivation_execution_log_pkey,public,derivation_execution_log,PRIMARY KEY
public,2200_18465_1_not_null,public,derived_attribute_quality_metrics,CHECK
public,derived_attribute_quality_metrics_attribute_id_fkey,public,derived_attribute_quality_metrics,FOREIGN KEY
public,derived_attribute_quality_metrics_pkey,public,derived_attribute_quality_metrics,PRIMARY KEY
public,derived_attribute_quality_metrics_attribute_id_metric_date_key,public,derived_attribute_quality_metrics,UNIQUE
public,2200_18386_3_not_null,public,derived_attribute_rules,CHECK
public,2200_18386_1_not_null,public,derived_attribute_rules,CHECK
public,2200_18386_8_not_null,public,derived_attribute_rules,CHECK
public,2200_18386_5_not_null,public,derived_attribute_rules,CHECK
public,derived_attribute_rules_derived_attribute_id_fkey,public,derived_attribute_rules,FOREIGN KEY
public,derived_attribute_rules_pkey,public,derived_attribute_rules,PRIMARY KEY
public,2200_16752_3_not_null,public,derived_attributes,CHECK
public,2200_16752_5_not_null,public,derived_attributes,CHECK
public,2200_16752_2_not_null,public,derived_attributes,CHECK
public,2200_16752_1_not_null,public,derived_attributes,CHECK
public,derived_attributes_domain_id_fkey,public,derived_attributes,FOREIGN KEY
public,derived_attributes_pkey,public,derived_attributes,PRIMARY KEY
public,derived_attributes_entity_name_attribute_name_key,public,derived_attributes,UNIQUE
public,2200_18327_2_not_null,public,domain_terminology_glossary,CHECK
public,2200_18327_1_not_null,public,domain_terminology_glossary,CHECK
public,2200_18327_3_not_null,public,domain_terminology_glossary,CHECK
public,domain_terminology_glossary_pkey,public,domain_terminology_glossary,PRIMARY KEY
public,domain_terminology_glossary_term_key,public,domain_terminology_glossary,UNIQUE
public,2200_19250_3_not_null,public,dsl_execution_logs,CHECK
public,2200_19250_9_not_null,public,dsl_execution_logs,CHECK
public,dsl_execution_logs_execution_status_check,public,dsl_execution_logs,CHECK
public,2200_19250_1_not_null,public,dsl_execution_logs,CHECK
public,2200_19250_2_not_null,public,dsl_execution_logs,CHECK
public,dsl_execution_logs_instance_id_fkey,public,dsl_execution_logs,FOREIGN KEY
public,dsl_execution_logs_pkey,public,dsl_execution_logs,PRIMARY KEY
public,2200_18410_2_not_null,public,ebnf_grammar_templates,CHECK
public,2200_18410_1_not_null,public,ebnf_grammar_templates,CHECK
public,2200_18410_4_not_null,public,ebnf_grammar_templates,CHECK
public,ebnf_grammar_templates_pkey,public,ebnf_grammar_templates,PRIMARY KEY
public,ebnf_grammar_templates_template_name_key,public,ebnf_grammar_templates,UNIQUE
public,2200_18751_1_not_null,public,entity_attribute_values,CHECK
public,2200_18751_4_not_null,public,entity_attribute_values,CHECK
public,entity_attribute_values_attribute_id_fkey,public,entity_attribute_values,FOREIGN KEY
public,entity_attribute_values_entity_id_fkey,public,entity_attribute_values,FOREIGN KEY
public,entity_attribute_values_pkey,public,entity_attribute_values,PRIMARY KEY
public,entity_attribute_values_entity_id_attribute_id_effective_fr_key,public,entity_attribute_values,UNIQUE
public,2200_18702_4_not_null,public,entity_relationships,CHECK
public,2200_18702_1_not_null,public,entity_relationships,CHECK
public,entity_relationships_parent_entity_id_fkey,public,entity_relationships,FOREIGN KEY
public,entity_relationships_child_entity_id_fkey,public,entity_relationships,FOREIGN KEY
public,entity_relationships_pkey,public,entity_relationships,PRIMARY KEY
public,entity_relationships_parent_entity_id_child_entity_id_relat_key,public,entity_relationships,UNIQUE
public,2200_18019_1_not_null,public,form_layout_templates,CHECK
public,2200_18019_2_not_null,public,form_layout_templates,CHECK
public,2200_18019_4_not_null,public,form_layout_templates,CHECK
public,2200_18019_3_not_null,public,form_layout_templates,CHECK
public,form_layout_templates_pkey,public,form_layout_templates,PRIMARY KEY
public,form_layout_templates_template_name_key,public,form_layout_templates,UNIQUE
public,2200_17145_3_not_null,public,grammar_extensions,CHECK
public,2200_17145_2_not_null,public,grammar_extensions,CHECK
public,2200_17145_1_not_null,public,grammar_extensions,CHECK
public,grammar_extensions_pkey,public,grammar_extensions,PRIMARY KEY
public,2200_17132_2_not_null,public,grammar_metadata,CHECK
public,2200_17132_1_not_null,public,grammar_metadata,CHECK
public,grammar_metadata_pkey,public,grammar_metadata,PRIMARY KEY
public,2200_17118_1_not_null,public,grammar_rules,CHECK
public,2200_17118_4_not_null,public,grammar_rules,CHECK
public,2200_17118_2_not_null,public,grammar_rules,CHECK
public,2200_17118_3_not_null,public,grammar_rules,CHECK
public,grammar_rules_pkey,public,grammar_rules,PRIMARY KEY
public,grammar_rules_name_key,public,grammar_rules,UNIQUE
public,2200_19098_1_not_null,public,instruction_formats,CHECK
public,instruction_formats_status_check,public,instruction_formats,CHECK
public,2200_19098_9_not_null,public,instruction_formats,CHECK
public,2200_19098_3_not_null,public,instruction_formats,CHECK
public,2200_19098_2_not_null,public,instruction_formats,CHECK
public,instruction_formats_pkey,public,instruction_formats,PRIMARY KEY
public,instruction_formats_format_id_key,public,instruction_formats,UNIQUE
public,2200_19063_3_not_null,public,instrument_taxonomy,CHECK
public,2200_19063_2_not_null,public,instrument_taxonomy,CHECK
public,2200_19063_4_not_null,public,instrument_taxonomy,CHECK
public,2200_19063_1_not_null,public,instrument_taxonomy,CHECK
public,instrument_taxonomy_pkey,public,instrument_taxonomy,PRIMARY KEY
public,instrument_taxonomy_instrument_code_key,public,instrument_taxonomy,UNIQUE
public,investment_mandates_check,public,investment_mandates,CHECK
public,investment_mandates_matching_model_check,public,investment_mandates,CHECK
public,investment_mandates_intraday_status_check,public,investment_mandates,CHECK
public,investment_mandates_base_currency_check,public,investment_mandates,CHECK
public,2200_16906_1_not_null,public,investment_mandates,CHECK
public,2200_16906_3_not_null,public,investment_mandates,CHECK
public,2200_16906_4_not_null,public,investment_mandates,CHECK
public,2200_16906_5_not_null,public,investment_mandates,CHECK
public,2200_16906_6_not_null,public,investment_mandates,CHECK
public,2200_16906_7_not_null,public,investment_mandates,CHECK
public,2200_16906_8_not_null,public,investment_mandates,CHECK
public,investment_mandates_pkey,public,investment_mandates,PRIMARY KEY
public,2200_18158_1_not_null,public,kyc_onboarding_domains,CHECK
public,2200_18158_2_not_null,public,kyc_onboarding_domains,CHECK
public,kyc_onboarding_domains_pkey,public,kyc_onboarding_domains,PRIMARY KEY
public,kyc_onboarding_domains_domain_name_key,public,kyc_onboarding_domains,UNIQUE
public,legal_entities_ownership_transparency_score_check,public,legal_entities,CHECK
public,2200_18676_4_not_null,public,legal_entities,CHECK
public,2200_18676_2_not_null,public,legal_entities,CHECK
public,2200_18676_5_not_null,public,legal_entities,CHECK
public,2200_18676_1_not_null,public,legal_entities,CHECK
public,2200_18676_8_not_null,public,legal_entities,CHECK
public,legal_entities_status_check,public,legal_entities,CHECK
public,legal_entities_data_quality_score_check,public,legal_entities,CHECK
public,legal_entities_pkey,public,legal_entities,PRIMARY KEY
public,legal_entities_entity_id_key,public,legal_entities,UNIQUE
public,legal_entities_lei_code_key,public,legal_entities,UNIQUE
public,2200_16925_2_not_null,public,mandate_benchmarks,CHECK
public,2200_16925_3_not_null,public,mandate_benchmarks,CHECK
public,2200_16925_1_not_null,public,mandate_benchmarks,CHECK
public,mandate_benchmarks_mandate_id_fkey,public,mandate_benchmarks,FOREIGN KEY
public,mandate_benchmarks_pkey,public,mandate_benchmarks,PRIMARY KEY
public,mandate_benchmarks_mandate_id_benchmark_name_key,public,mandate_benchmarks,UNIQUE
public,mandate_instruction_channels_channel_check,public,mandate_instruction_channels,CHECK
public,2200_16989_3_not_null,public,mandate_instruction_channels,CHECK
public,2200_16989_2_not_null,public,mandate_instruction_channels,CHECK
public,2200_16989_1_not_null,public,mandate_instruction_channels,CHECK
public,mandate_instruction_channels_instrument_id_fkey,public,mandate_instruction_channels,FOREIGN KEY
public,mandate_instruction_channels_pkey,public,mandate_instruction_channels,PRIMARY KEY
public,2200_16961_3_not_null,public,mandate_instrument_identifiers,CHECK
public,2200_16961_2_not_null,public,mandate_instrument_identifiers,CHECK
public,2200_16961_1_not_null,public,mandate_instrument_identifiers,CHECK
public,mandate_instrument_identifiers_identifier_type_check,public,mandate_instrument_identifiers,CHECK
public,mandate_instrument_identifiers_instrument_id_fkey,public,mandate_instrument_identifiers,FOREIGN KEY
public,mandate_instrument_identifiers_pkey,public,mandate_instrument_identifiers,PRIMARY KEY
public,mandate_instrument_identifier_instrument_id_identifier_type_key,public,mandate_instrument_identifiers,UNIQUE
public,2200_16976_3_not_null,public,mandate_instrument_venues,CHECK
public,2200_16976_2_not_null,public,mandate_instrument_venues,CHECK
public,2200_16976_1_not_null,public,mandate_instrument_venues,CHECK
public,mandate_instrument_venues_instrument_id_fkey,public,mandate_instrument_venues,FOREIGN KEY
public,mandate_instrument_venues_pkey,public,mandate_instrument_venues,PRIMARY KEY
public,mandate_instruments_instrument_family_check,public,mandate_instruments,CHECK
public,mandate_instruments_settlement_type_check,public,mandate_instruments,CHECK
public,mandate_instruments_margin_model_check,public,mandate_instruments,CHECK
public,mandate_instruments_allocation_model_check,public,mandate_instruments,CHECK
public,2200_16939_1_not_null,public,mandate_instruments,CHECK
public,2200_16939_2_not_null,public,mandate_instruments,CHECK
public,2200_16939_3_not_null,public,mandate_instruments,CHECK
public,mandate_instruments_mandate_id_fkey,public,mandate_instruments,FOREIGN KEY
public,mandate_instruments_pkey,public,mandate_instruments,PRIMARY KEY
public,2200_17005_1_not_null,public,mandate_lifecycle_events,CHECK
public,mandate_lifecycle_events_event_type_check,public,mandate_lifecycle_events,CHECK
public,2200_17005_3_not_null,public,mandate_lifecycle_events,CHECK
public,2200_17005_2_not_null,public,mandate_lifecycle_events,CHECK
public,mandate_lifecycle_events_instrument_id_fkey,public,mandate_lifecycle_events,FOREIGN KEY
public,mandate_lifecycle_events_pkey,public,mandate_lifecycle_events,PRIMARY KEY
public,mandate_lifecycle_events_instrument_id_event_type_key,public,mandate_lifecycle_events,UNIQUE
public,2200_19453_1_not_null,public,onboarding_approvals,CHECK
public,2200_19453_3_not_null,public,onboarding_approvals,CHECK
public,approval_status_check,public,onboarding_approvals,CHECK
public,2200_19453_4_not_null,public,onboarding_approvals,CHECK
public,onboarding_approvals_workflow_id_fkey,public,onboarding_approvals,FOREIGN KEY
public,onboarding_approvals_pkey,public,onboarding_approvals,PRIMARY KEY
public,dependency_type_check,public,onboarding_dependencies,CHECK
public,2200_19424_1_not_null,public,onboarding_dependencies,CHECK
public,no_self_dependency,public,onboarding_dependencies,CHECK
public,onboarding_dependencies_source_task_id_fkey,public,onboarding_dependencies,FOREIGN KEY
public,onboarding_dependencies_workflow_id_fkey,public,onboarding_dependencies,FOREIGN KEY
public,onboarding_dependencies_target_task_id_fkey,public,onboarding_dependencies,FOREIGN KEY
public,onboarding_dependencies_pkey,public,onboarding_dependencies,PRIMARY KEY
public,onboarding_requests_priority_check,public,onboarding_requests,CHECK
public,2200_17724_2_not_null,public,onboarding_requests,CHECK
public,2200_17724_1_not_null,public,onboarding_requests,CHECK
public,onboarding_requests_request_status_check,public,onboarding_requests,CHECK
public,onboarding_requests_product_id_fkey,public,onboarding_requests,FOREIGN KEY
public,onboarding_requests_cbu_id_fkey,public,onboarding_requests,FOREIGN KEY
public,onboarding_requests_pkey,public,onboarding_requests,PRIMARY KEY
public,onboarding_requests_request_id_key,public,onboarding_requests,UNIQUE
public,2200_19393_1_not_null,public,onboarding_resource_tasks,CHECK
public,task_status_check,public,onboarding_resource_tasks,CHECK
public,2200_19393_5_not_null,public,onboarding_resource_tasks,CHECK
public,onboarding_resource_tasks_resource_template_id_fkey,public,onboarding_resource_tasks,FOREIGN KEY
public,onboarding_resource_tasks_workflow_id_fkey,public,onboarding_resource_tasks,FOREIGN KEY
public,onboarding_resource_tasks_capability_id_fkey,public,onboarding_resource_tasks,FOREIGN KEY
public,onboarding_resource_tasks_pkey,public,onboarding_resource_tasks,PRIMARY KEY
public,2200_17751_3_not_null,public,onboarding_tasks,CHECK
public,2200_17751_1_not_null,public,onboarding_tasks,CHECK
public,2200_17751_6_not_null,public,onboarding_tasks,CHECK
public,onboarding_tasks_task_status_check,public,onboarding_tasks,CHECK
public,onboarding_tasks_onboarding_request_id_fkey,public,onboarding_tasks,FOREIGN KEY
public,onboarding_tasks_resource_id_fkey,public,onboarding_tasks,FOREIGN KEY
public,onboarding_tasks_pkey,public,onboarding_tasks,PRIMARY KEY
public,onboarding_tasks_onboarding_request_id_task_id_key,public,onboarding_tasks,UNIQUE
public,2200_19364_4_not_null,public,onboarding_workflows,CHECK
public,2200_19364_2_not_null,public,onboarding_workflows,CHECK
public,2200_19364_1_not_null,public,onboarding_workflows,CHECK
public,workflow_status_check,public,onboarding_workflows,CHECK
public,priority_check,public,onboarding_workflows,CHECK
public,completion_percentage_check,public,onboarding_workflows,CHECK
public,onboarding_workflows_cbu_id_fkey,public,onboarding_workflows,FOREIGN KEY
public,onboarding_workflows_pkey,public,onboarding_workflows,PRIMARY KEY
public,onboarding_workflows_workflow_id_key,public,onboarding_workflows,UNIQUE
public,2200_18086_5_not_null,public,persistence_entities,CHECK
public,2200_18086_1_not_null,public,persistence_entities,CHECK
public,2200_18086_2_not_null,public,persistence_entities,CHECK
public,2200_18086_4_not_null,public,persistence_entities,CHECK
public,persistence_entities_system_id_fkey,public,persistence_entities,FOREIGN KEY
public,persistence_entities_pkey,public,persistence_entities,PRIMARY KEY
public,persistence_entities_system_id_entity_name_key,public,persistence_entities,UNIQUE
public,2200_18069_4_not_null,public,persistence_systems,CHECK
public,2200_18069_1_not_null,public,persistence_systems,CHECK
public,2200_18069_2_not_null,public,persistence_systems,CHECK
public,2200_18069_3_not_null,public,persistence_systems,CHECK
public,persistence_systems_pkey,public,persistence_systems,PRIMARY KEY
public,persistence_systems_system_name_key,public,persistence_systems,UNIQUE
public,2200_19021_1_not_null,public,product_option_service_mappings,CHECK
public,2200_19021_4_not_null,public,product_option_service_mappings,CHECK
public,product_option_service_mappings_service_id_fkey,public,product_option_service_mappings,FOREIGN KEY
public,product_option_service_mappings_product_option_id_fkey,public,product_option_service_mappings,FOREIGN KEY
public,product_option_service_mappings_pkey,public,product_option_service_mappings,PRIMARY KEY
public,product_option_service_mappin_product_option_id_service_id__key,public,product_option_service_mappings,UNIQUE
public,2200_18996_4_not_null,public,product_options,CHECK
public,product_options_status_check,public,product_options,CHECK
public,2200_18996_1_not_null,public,product_options,CHECK
public,2200_18996_2_not_null,public,product_options,CHECK
public,2200_18996_5_not_null,public,product_options,CHECK
public,2200_18996_6_not_null,public,product_options,CHECK
public,2200_18996_7_not_null,public,product_options,CHECK
public,product_options_product_id_fkey,public,product_options,FOREIGN KEY
public,product_options_pkey,public,product_options,PRIMARY KEY
public,product_options_option_id_key,public,product_options,UNIQUE
public,2200_18900_1_not_null,public,product_service_mappings,CHECK
public,2200_18900_4_not_null,public,product_service_mappings,CHECK
public,product_service_mappings_service_id_fkey,public,product_service_mappings,FOREIGN KEY
public,product_service_mappings_product_id_fkey,public,product_service_mappings,FOREIGN KEY
public,product_service_mappings_pkey,public,product_service_mappings,PRIMARY KEY
public,product_service_mappings_product_id_service_id_mapping_type_key,public,product_service_mappings,UNIQUE
public,2200_17603_1_not_null,public,product_services,CHECK
public,product_services_product_id_fkey,public,product_services,FOREIGN KEY
public,product_services_service_id_fkey,public,product_services,FOREIGN KEY
public,product_services_pkey,public,product_services,PRIMARY KEY
public,product_services_product_id_service_id_key,public,product_services,UNIQUE
public,products_status_check,public,products,CHECK
public,2200_17557_4_not_null,public,products,CHECK
public,2200_17557_3_not_null,public,products,CHECK
public,2200_17557_2_not_null,public,products,CHECK
public,2200_17557_1_not_null,public,products,CHECK
public,products_pkey,public,products,PRIMARY KEY
public,products_product_id_key,public,products,UNIQUE
public,2200_18853_1_not_null,public,resource_attribute_dependencies,CHECK
public,2200_18853_4_not_null,public,resource_attribute_dependencies,CHECK
public,resource_attribute_dependencies_source_resource_id_fkey,public,resource_attribute_dependencies,FOREIGN KEY
public,resource_attribute_dependencies_target_resource_id_fkey,public,resource_attribute_dependencies,FOREIGN KEY
public,resource_attribute_dependencies_pkey,public,resource_attribute_dependencies,PRIMARY KEY
public,resource_attribute_dependenci_source_resource_id_target_res_key,public,resource_attribute_dependencies,UNIQUE
public,2200_18800_5_not_null,public,resource_attribute_templates,CHECK
public,2200_18800_2_not_null,public,resource_attribute_templates,CHECK
public,2200_18800_1_not_null,public,resource_attribute_templates,CHECK
public,resource_attribute_templates_pkey,public,resource_attribute_templates,PRIMARY KEY
public,resource_attribute_templates_template_name_key,public,resource_attribute_templates,UNIQUE
public,2200_18815_1_not_null,public,resource_attribute_versions,CHECK
public,2200_18815_3_not_null,public,resource_attribute_versions,CHECK
public,2200_18815_5_not_null,public,resource_attribute_versions,CHECK
public,resource_attribute_versions_resource_id_fkey,public,resource_attribute_versions,FOREIGN KEY
public,resource_attribute_versions_pkey,public,resource_attribute_versions,PRIMARY KEY
public,resource_attribute_versions_resource_id_version_number_key,public,resource_attribute_versions,UNIQUE
public,2200_19298_5_not_null,public,resource_capabilities,CHECK
public,2200_19298_3_not_null,public,resource_capabilities,CHECK
public,2200_19298_2_not_null,public,resource_capabilities,CHECK
public,2200_19298_1_not_null,public,resource_capabilities,CHECK
public,resource_capabilities_pkey,public,resource_capabilities,PRIMARY KEY
public,resource_capabilities_capability_id_key,public,resource_capabilities,UNIQUE
public,2200_17649_1_not_null,public,resource_dependencies,CHECK
public,resource_dependencies_check,public,resource_dependencies,CHECK
public,resource_dependencies_prerequisite_resource_id_fkey,public,resource_dependencies,FOREIGN KEY
public,resource_dependencies_dependent_resource_id_fkey,public,resource_dependencies,FOREIGN KEY
public,resource_dependencies_pkey,public,resource_dependencies,PRIMARY KEY
public,resource_dependencies_dependent_resource_id_prerequisite_re_key,public,resource_dependencies,UNIQUE
public,resource_dictionaries_status_check,public,resource_dictionaries,CHECK
public,2200_17855_3_not_null,public,resource_dictionaries,CHECK
public,2200_17855_2_not_null,public,resource_dictionaries,CHECK
public,2200_17855_1_not_null,public,resource_dictionaries,CHECK
public,resource_dictionaries_pkey,public,resource_dictionaries,PRIMARY KEY
public,resource_dictionaries_dictionary_name_key,public,resource_dictionaries,UNIQUE
public,2200_19223_1_not_null,public,resource_instances,CHECK
public,2200_19223_2_not_null,public,resource_instances,CHECK
public,2200_19223_3_not_null,public,resource_instances,CHECK
public,2200_19223_4_not_null,public,resource_instances,CHECK
public,2200_19223_5_not_null,public,resource_instances,CHECK
public,2200_19223_8_not_null,public,resource_instances,CHECK
public,2200_19223_9_not_null,public,resource_instances,CHECK
public,2200_19223_10_not_null,public,resource_instances,CHECK
public,resource_instances_status_check,public,resource_instances,CHECK
public,resource_instances_template_id_fkey,public,resource_instances,FOREIGN KEY
public,resource_instances_pkey,public,resource_instances,PRIMARY KEY
public,2200_17872_9_not_null,public,resource_objects,CHECK
public,2200_17872_5_not_null,public,resource_objects,CHECK
public,2200_17872_3_not_null,public,resource_objects,CHECK
public,2200_17872_1_not_null,public,resource_objects,CHECK
public,resource_objects_status_check,public,resource_objects,CHECK
public,resource_objects_ui_layout_check,public,resource_objects,CHECK
public,resource_objects_dictionary_id_fkey,public,resource_objects,FOREIGN KEY
public,resource_objects_pkey,public,resource_objects,PRIMARY KEY
public,resource_objects_dictionary_id_resource_name_key,public,resource_objects,UNIQUE
public,2200_19180_4_not_null,public,resource_sheet_execution_logs,CHECK
public,2200_19180_2_not_null,public,resource_sheet_execution_logs,CHECK
public,2200_19180_6_not_null,public,resource_sheet_execution_logs,CHECK
public,2200_19180_5_not_null,public,resource_sheet_execution_logs,CHECK
public,2200_19180_7_not_null,public,resource_sheet_execution_logs,CHECK
public,2200_19180_1_not_null,public,resource_sheet_execution_logs,CHECK
public,2200_19180_3_not_null,public,resource_sheet_execution_logs,CHECK
public,resource_sheet_execution_logs_resource_id_fkey,public,resource_sheet_execution_logs,FOREIGN KEY
public,resource_sheet_execution_logs_pkey,public,resource_sheet_execution_logs,PRIMARY KEY
public,2200_19199_4_not_null,public,resource_sheet_relationships,CHECK
public,2200_19199_3_not_null,public,resource_sheet_relationships,CHECK
public,2200_19199_6_not_null,public,resource_sheet_relationships,CHECK
public,2200_19199_1_not_null,public,resource_sheet_relationships,CHECK
public,2200_19199_2_not_null,public,resource_sheet_relationships,CHECK
public,resource_sheet_relationships_child_resource_id_fkey,public,resource_sheet_relationships,FOREIGN KEY
public,resource_sheet_relationships_parent_resource_id_fkey,public,resource_sheet_relationships,FOREIGN KEY
public,resource_sheet_relationships_pkey,public,resource_sheet_relationships,PRIMARY KEY
public,resource_sheet_relationships_parent_resource_id_child_resou_key,public,resource_sheet_relationships,UNIQUE
public,2200_19160_10_not_null,public,resource_sheets,CHECK
public,2200_19160_13_not_null,public,resource_sheets,CHECK
public,2200_19160_12_not_null,public,resource_sheets,CHECK
public,2200_19160_11_not_null,public,resource_sheets,CHECK
public,2200_19160_9_not_null,public,resource_sheets,CHECK
public,2200_19160_8_not_null,public,resource_sheets,CHECK
public,2200_19160_5_not_null,public,resource_sheets,CHECK
public,2200_19160_3_not_null,public,resource_sheets,CHECK
public,2200_19160_2_not_null,public,resource_sheets,CHECK
public,2200_19160_1_not_null,public,resource_sheets,CHECK
public,resource_sheets_domain_id_fkey,public,resource_sheets,FOREIGN KEY
public,resource_sheets_ebnf_template_id_fkey,public,resource_sheets,FOREIGN KEY
public,resource_sheets_pkey,public,resource_sheets,PRIMARY KEY
public,2200_19321_1_not_null,public,resource_template_capabilities,CHECK
public,resource_template_capabilities_capability_id_fkey,public,resource_template_capabilities,FOREIGN KEY
public,resource_template_capabilities_template_id_fkey,public,resource_template_capabilities,FOREIGN KEY
public,resource_template_capabilities_pkey,public,resource_template_capabilities,PRIMARY KEY
public,resource_template_capabilities_template_id_capability_id_key,public,resource_template_capabilities,UNIQUE
public,2200_19281_7_not_null,public,resource_templates,CHECK
public,2200_19281_2_not_null,public,resource_templates,CHECK
public,2200_19281_3_not_null,public,resource_templates,CHECK
public,2200_19281_1_not_null,public,resource_templates,CHECK
public,resource_templates_pkey,public,resource_templates,PRIMARY KEY
public,resource_templates_template_id_key,public,resource_templates,UNIQUE
public,2200_18834_4_not_null,public,resource_validation_rules,CHECK
public,2200_18834_1_not_null,public,resource_validation_rules,CHECK
public,2200_18834_5_not_null,public,resource_validation_rules,CHECK
public,2200_18834_3_not_null,public,resource_validation_rules,CHECK
public,resource_validation_rules_resource_id_fkey,public,resource_validation_rules,FOREIGN KEY
public,resource_validation_rules_pkey,public,resource_validation_rules,PRIMARY KEY
public,resource_validation_rules_resource_id_rule_name_key,public,resource_validation_rules,UNIQUE
public,2200_17588_4_not_null,public,resources,CHECK
public,resources_status_check,public,resources,CHECK
public,2200_17588_1_not_null,public,resources,CHECK
public,2200_17588_2_not_null,public,resources,CHECK
public,2200_17588_3_not_null,public,resources,CHECK
public,resources_pkey,public,resources,PRIMARY KEY
public,resources_resource_id_key,public,resources,UNIQUE
public,2200_17702_1_not_null,public,role_service_access,CHECK
public,role_service_access_cbu_role_id_fkey,public,role_service_access,FOREIGN KEY
public,role_service_access_service_id_fkey,public,role_service_access,FOREIGN KEY
public,role_service_access_pkey,public,role_service_access,PRIMARY KEY
public,role_service_access_cbu_role_id_service_id_key,public,role_service_access,UNIQUE
public,2200_16761_1_not_null,public,rule_categories,CHECK
public,2200_16761_3_not_null,public,rule_categories,CHECK
public,2200_16761_2_not_null,public,rule_categories,CHECK
public,rule_categories_pkey,public,rule_categories,PRIMARY KEY
public,rule_categories_category_key_key,public,rule_categories,UNIQUE
public,rule_compilation_queue_compilation_type_check,public,rule_compilation_queue,CHECK
public,2200_17044_1_not_null,public,rule_compilation_queue,CHECK
public,rule_compilation_queue_priority_check,public,rule_compilation_queue,CHECK
public,rule_compilation_queue_status_check,public,rule_compilation_queue,CHECK
public,rule_compilation_queue_rule_id_fkey,public,rule_compilation_queue,FOREIGN KEY
public,rule_compilation_queue_pkey,public,rule_compilation_queue,PRIMARY KEY
public,rule_compilation_queue_rule_id_compilation_type_status_key,public,rule_compilation_queue,UNIQUE
public,rule_dependencies_dependency_type_check,public,rule_dependencies,CHECK
public,2200_16768_1_not_null,public,rule_dependencies,CHECK
public,rule_dependencies_attribute_id_fkey,public,rule_dependencies,FOREIGN KEY
public,rule_dependencies_rule_id_fkey,public,rule_dependencies,FOREIGN KEY
public,rule_dependencies_pkey,public,rule_dependencies,PRIMARY KEY
public,rule_dependencies_rule_id_attribute_id_key,public,rule_dependencies,UNIQUE
public,2200_17078_1_not_null,public,rule_execution_stats,CHECK
public,rule_execution_stats_rule_id_fkey,public,rule_execution_stats,FOREIGN KEY
public,rule_execution_stats_pkey,public,rule_execution_stats,PRIMARY KEY
public,rule_execution_stats_rule_id_execution_date_key,public,rule_execution_stats,UNIQUE
public,2200_16774_1_not_null,public,rule_executions,CHECK
public,rule_executions_rule_id_fkey,public,rule_executions,FOREIGN KEY
public,rule_executions_pkey,public,rule_executions,PRIMARY KEY
public,2200_16781_1_not_null,public,rule_versions,CHECK
public,2200_16781_3_not_null,public,rule_versions,CHECK
public,2200_16781_4_not_null,public,rule_versions,CHECK
public,rule_versions_rule_id_fkey,public,rule_versions,FOREIGN KEY
public,rule_versions_pkey,public,rule_versions,PRIMARY KEY
public,rule_versions_rule_id_version_key,public,rule_versions,UNIQUE
public,2200_16788_2_not_null,public,rules,CHECK
public,2200_16788_1_not_null,public,rules,CHECK
public,rules_compilation_status_check,public,rules,CHECK
public,rules_status_check,public,rules,CHECK
public,2200_16788_7_not_null,public,rules,CHECK
public,2200_16788_3_not_null,public,rules,CHECK
public,rules_target_attribute_id_fkey,public,rules,FOREIGN KEY
public,rules_category_id_fkey,public,rules,FOREIGN KEY
public,rules_pkey,public,rules,PRIMARY KEY
public,rules_rule_id_key,public,rules,UNIQUE
public,2200_18926_4_not_null,public,service_resource_mappings,CHECK
public,2200_18926_1_not_null,public,service_resource_mappings,CHECK
public,service_resource_mappings_resource_id_fkey,public,service_resource_mappings,FOREIGN KEY
public,service_resource_mappings_service_id_fkey,public,service_resource_mappings,FOREIGN KEY
public,service_resource_mappings_failover_resource_id_fkey,public,service_resource_mappings,FOREIGN KEY
public,service_resource_mappings_pkey,public,service_resource_mappings,PRIMARY KEY
public,service_resource_mappings_service_id_resource_id_usage_type_key,public,service_resource_mappings,UNIQUE
public,2200_17626_1_not_null,public,service_resources,CHECK
public,service_resources_resource_id_fkey,public,service_resources,FOREIGN KEY
public,service_resources_service_id_fkey,public,service_resources,FOREIGN KEY
public,service_resources_pkey,public,service_resources,PRIMARY KEY
public,service_resources_service_id_resource_id_key,public,service_resources,UNIQUE
public,2200_17572_2_not_null,public,services,CHECK
public,2200_17572_1_not_null,public,services,CHECK
public,2200_17572_3_not_null,public,services,CHECK
public,services_status_check,public,services,CHECK
public,services_pkey,public,services,PRIMARY KEY
public,services_service_id_key,public,services,UNIQUE
public,2200_18002_1_not_null,public,ui_component_templates,CHECK
public,2200_18002_4_not_null,public,ui_component_templates,CHECK
public,2200_18002_2_not_null,public,ui_component_templates,CHECK
public,2200_18002_3_not_null,public,ui_component_templates,CHECK
public,ui_component_templates_pkey,public,ui_component_templates,PRIMARY KEY
public,ui_component_templates_template_name_key,public,ui_component_templates,UNIQUE
public,2200_17936_1_not_null,public,ui_layout_groups,CHECK
public,2200_17936_3_not_null,public,ui_layout_groups,CHECK
public,ui_layout_groups_resource_id_fkey,public,ui_layout_groups,FOREIGN KEY
public,ui_layout_groups_pkey,public,ui_layout_groups,PRIMARY KEY
public,ui_layout_groups_resource_id_group_name_key,public,ui_layout_groups,UNIQUE
public,2200_18557_1_not_null,public,user_saved_filters,CHECK
public,2200_18557_2_not_null,public,user_saved_filters,CHECK
public,2200_18557_3_not_null,public,user_saved_filters,CHECK
public,2200_18557_4_not_null,public,user_saved_filters,CHECK
public,user_saved_filters_pkey,public,user_saved_filters,PRIMARY KEY
public,user_saved_filters_user_id_filter_name_key,public,user_saved_filters,UNIQUE
